{
    "years": [],
    "quarters": [
        {
            "date": "1997 Q1",
            "value": "0.89",
            "label": "1997 Q1",
            "year": "1997",
            "month": "",
            "quarter": "Q1",
            "sourceDataset": "QNA",
            "updateDate": "2024-09-29T23:00:00.000Z"
        },
        {
            "date": "1997 Q2",
            "value": "0.75",
            "label": "1997 Q2",
            "year": "1997",
            "month": "",
            "quarter": "Q2",
            "sourceDataset": "QNA",
            "updateDate": "2024-09-29T23:00:00.000Z"
        },
        {
            "date": "1997 Q3",
            "value": "0.78",
            "label": "1997 Q3",
            "year": "1997",
            "month": "",
            "quarter": "Q3",
            "sourceDataset": "QNA",
            "updateDate": "2024-09-29T23:00:00.000Z"
        },
        {
            "date": "1997 Q4",
            "value": "0.69",
            "label": "1997 Q4",
            "year": "1997",
            "month": "",
            "quarter": "Q4",
            "sourceDataset": "QNA",
            "updateDate": "2023-09-28T23:00:00.000Z"
        },
        {
            "date": "1998 Q1",
            "value": "0.52",
            "label": "1998 Q1",
            "year": "1998",
            "month": "",
            "quarter": "Q1",
            "sourceDataset": "QNA",
            "updateDate": "2024-09-29T23:00:00.000Z"
        },
        {
            "date": "1998 Q2",
            "value": "0.62",
            "label": "1998 Q2",
            "year": "1998",
            "month": "",
            "quarter": "Q2",
            "sourceDataset": "QNA",
            "updateDate": "2024-09-29T23:00:00.000Z"
        },
        {
            "date": "1998 Q3",
            "value": "1.09",
            "label": "1998 Q3",
            "year": "1998",
            "month": "",
            "quarter": "Q3",
            "sourceDataset": "QNA",
            "updateDate": "2024-09-29T23:00:00.000Z"
        },
        {
            "date": "1998 Q4",
            "value": "-0.01",
            "label": "1998 Q4",
            "year": "1998",
            "month": "",
            "quarter": "Q4",
            "sourceDataset": "QNA",
            "updateDate": "2024-09-29T23:00:00.000Z"
        },
        {
            "date": "1999 Q1",
            "value": "0.66",
            "label": "1999 Q1",
            "year": "1999",
            "month": "",
            "quarter": "Q1",
            "sourceDataset": "QNA",
            "updateDate": "2024-09-29T23:00:00.000Z"
        },
        {
            "date": "1999 Q2",
            "value": "1.23",
            "label": "1999 Q2",
            "year": "1999",
            "month": "",
            "quarter": "Q2",
            "sourceDataset": "QNA",
            "updateDate": "2023-09-28T23:00:00.000Z"
        },
        {
            "date": "1999 Q3",
            "value": "0.69",
            "label": "1999 Q3",
            "year": "1999",
            "month": "",
            "quarter": "Q3",
            "sourceDataset": "QNA",
            "updateDate": "2023-09-28T23:00:00.000Z"
        },
        {
            "date": "1999 Q4",
            "value": "0.46",
            "label": "1999 Q4",
            "year": "1999",
            "month": "",
            "quarter": "Q4",
            "sourceDataset": "QNA",
            "updateDate": "2023-09-28T23:00:00.000Z"
        },
        {
            "date": "2000 Q1",
            "value": "0.93",
            "label": "2000 Q1",
            "year": "2000",
            "month": "",
            "quarter": "Q1",
            "sourceDataset": "QNA",
            "updateDate": "2023-09-28T23:00:00.000Z"
        },
        {
            "date": "2000 Q2",
            "value": "0.71",
            "label": "2000 Q2",
            "year": "2000",
            "month": "",
            "quarter": "Q2",
            "sourceDataset": "QNA",
            "updateDate": "2024-09-29T23:00:00.000Z"
        },
        {
            "date": "2000 Q3",
            "value": "0.79",
            "label": "2000 Q3",
            "year": "2000",
            "month": "",
            "quarter": "Q3",
            "sourceDataset": "QNA",
            "updateDate": "2024-09-29T23:00:00.000Z"
        },
        {
            "date": "2000 Q4",
            "value": "0.65",
            "label": "2000 Q4",
            "year": "2000",
            "month": "",
            "quarter": "Q4",
            "sourceDataset": "QNA",
            "updateDate": "2023-09-28T23:00:00.000Z"
        },
        {
            "date": "2001 Q1",
            "value": "0.10",
            "label": "2001 Q1",
            "year": "2001",
            "month": "",
            "quarter": "Q1",
            "sourceDataset": "QNA",
            "updateDate": "2023-09-28T23:00:00.000Z"
        },
        {
            "date": "2001 Q2",
            "value": "0.41",
            "label": "2001 Q2",
            "year": "2001",
            "month": "",
            "quarter": "Q2",
            "sourceDataset": "QNA",
            "updateDate": "2024-09-29T23:00:00.000Z"
        },
        {
            "date": "2001 Q3",
            "value": "0.97",
            "label": "2001 Q3",
            "year": "2001",
            "month": "",
            "quarter": "Q3",
            "sourceDataset": "QNA",
            "updateDate": "2023-09-28T23:00:00.000Z"
        },
        {
            "date": "2001 Q4",
            "value": "0.54",
            "label": "2001 Q4",
            "year": "2001",
            "month": "",
            "quarter": "Q4",
            "sourceDataset": "QNA",
            "updateDate": "2024-09-29T23:00:00.000Z"
        },
        {
            "date": "2002 Q1",
            "value": "0.05",
            "label": "2002 Q1",
            "year": "2002",
            "month": "",
            "quarter": "Q1",
            "sourceDataset": "QNA",
            "updateDate": "2023-09-28T23:00:00.000Z"
        },
        {
            "date": "2002 Q2",
            "value": "0.26",
            "label": "2002 Q2",
            "year": "2002",
            "month": "",
            "quarter": "Q2",
            "sourceDataset": "QNA",
            "updateDate": "2023-09-28T23:00:00.000Z"
        },
        {
            "date": "2002 Q3",
            "value": "0.63",
            "label": "2002 Q3",
            "year": "2002",
            "month": "",
            "quarter": "Q3",
            "sourceDataset": "QNA",
            "updateDate": "2022-09-29T23:00:00.000Z"
        },
        {
            "date": "2002 Q4",
            "value": "0.58",
            "label": "2002 Q4",
            "year": "2002",
            "month": "",
            "quarter": "Q4",
            "sourceDataset": "QNA",
            "updateDate": "2024-09-29T23:00:00.000Z"
        },
        {
            "date": "2003 Q1",
            "value": "0.42",
            "label": "2003 Q1",
            "year": "2003",
            "month": "",
            "quarter": "Q1",
            "sourceDataset": "QNA",
            "updateDate": "2023-09-28T23:00:00.000Z"
        },
        {
            "date": "2003 Q2",
            "value": "0.78",
            "label": "2003 Q2",
            "year": "2003",
            "month": "",
            "quarter": "Q2",
            "sourceDataset": "QNA",
            "updateDate": "2023-09-28T23:00:00.000Z"
        },
        {
            "date": "2003 Q3",
            "value": "0.43",
            "label": "2003 Q3",
            "year": "2003",
            "month": "",
            "quarter": "Q3",
            "sourceDataset": "QNA",
            "updateDate": "2023-09-28T23:00:00.000Z"
        },
        {
            "date": "2003 Q4",
            "value": "0.37",
            "label": "2003 Q4",
            "year": "2003",
            "month": "",
            "quarter": "Q4",
            "sourceDataset": "QNA",
            "updateDate": "2024-09-29T23:00:00.000Z"
        },
        {
            "date": "2004 Q1",
            "value": "0.35",
            "label": "2004 Q1",
            "year": "2004",
            "month": "",
            "quarter": "Q1",
            "sourceDataset": "QNA",
            "updateDate": "2023-09-28T23:00:00.000Z"
        },
        {
            "date": "2004 Q2",
            "value": "0.57",
            "label": "2004 Q2",
            "year": "2004",
            "month": "",
            "quarter": "Q2",
            "sourceDataset": "QNA",
            "updateDate": "2023-09-28T23:00:00.000Z"
        },
        {
            "date": "2004 Q3",
            "value": "0.31",
            "label": "2004 Q3",
            "year": "2004",
            "month": "",
            "quarter": "Q3",
            "sourceDataset": "QNA",
            "updateDate": "2023-09-28T23:00:00.000Z"
        },
        {
            "date": "2004 Q4",
            "value": "0.51",
            "label": "2004 Q4",
            "year": "2004",
            "month": "",
            "quarter": "Q4",
            "sourceDataset": "QNA",
            "updateDate": "2023-09-28T23:00:00.000Z"
        },
        {
            "date": "2005 Q1",
            "value": "0.67",
            "label": "2005 Q1",
            "year": "2005",
            "month": "",
            "quarter": "Q1",
            "sourceDataset": "QNA",
            "updateDate": "2024-09-29T23:00:00.000Z"
        },
        {
            "date": "2005 Q2",
            "value": "-0.03",
            "label": "2005 Q2",
            "year": "2005",
            "month": "",
            "quarter": "Q2",
            "sourceDataset": "QNA",
            "updateDate": "2023-09-28T23:00:00.000Z"
        },
        {
            "date": "2005 Q3",
            "value": "0.73",
            "label": "2005 Q3",
            "year": "2005",
            "month": "",
            "quarter": "Q3",
            "sourceDataset": "QNA",
            "updateDate": "2023-09-28T23:00:00.000Z"
        },
        {
            "date": "2005 Q4",
            "value": "0.34",
            "label": "2005 Q4",
            "year": "2005",
            "month": "",
            "quarter": "Q4",
            "sourceDataset": "QNA",
            "updateDate": "2024-09-29T23:00:00.000Z"
        },
        {
            "date": "2006 Q1",
            "value": "-0.33",
            "label": "2006 Q1",
            "year": "2006",
            "month": "",
            "quarter": "Q1",
            "sourceDataset": "QNA",
            "updateDate": "2023-09-28T23:00:00.000Z"
        },
        {
            "date": "2006 Q2",
            "value": "0.01",
            "label": "2006 Q2",
            "year": "2006",
            "month": "",
            "quarter": "Q2",
            "sourceDataset": "QNA",
            "updateDate": "2024-09-29T23:00:00.000Z"
        },
        {
            "date": "2006 Q3",
            "value": "0.40",
            "label": "2006 Q3",
            "year": "2006",
            "month": "",
            "quarter": "Q3",
            "sourceDataset": "QNA",
            "updateDate": "2024-09-29T23:00:00.000Z"
        },
        {
            "date": "2006 Q4",
            "value": "0.13",
            "label": "2006 Q4",
            "year": "2006",
            "month": "",
            "quarter": "Q4",
            "sourceDataset": "QNA",
            "updateDate": "2024-09-29T23:00:00.000Z"
        },
        {
            "date": "2007 Q1",
            "value": "0.68",
            "label": "2007 Q1",
            "year": "2007",
            "month": "",
            "quarter": "Q1",
            "sourceDataset": "QNA",
            "updateDate": "2023-09-28T23:00:00.000Z"
        },
        {
            "date": "2007 Q2",
            "value": "0.67",
            "label": "2007 Q2",
            "year": "2007",
            "month": "",
            "quarter": "Q2",
            "sourceDataset": "QNA",
            "updateDate": "2024-09-29T23:00:00.000Z"
        },
        {
            "date": "2007 Q3",
            "value": "1.22",
            "label": "2007 Q3",
            "year": "2007",
            "month": "",
            "quarter": "Q3",
            "sourceDataset": "QNA",
            "updateDate": "2023-09-28T23:00:00.000Z"
        },
        {
            "date": "2007 Q4",
            "value": "-0.07",
            "label": "2007 Q4",
            "year": "2007",
            "month": "",
            "quarter": "Q4",
            "sourceDataset": "QNA",
            "updateDate": "2023-09-28T23:00:00.000Z"
        },
        {
            "date": "2008 Q1",
            "value": "0.30",
            "label": "2008 Q1",
            "year": "2008",
            "month": "",
            "quarter": "Q1",
            "sourceDataset": "QNA",
            "updateDate": "2023-09-28T23:00:00.000Z"
        },
        {
            "date": "2008 Q2",
            "value": "-0.80",
            "label": "2008 Q2",
            "year": "2008",
            "month": "",
            "quarter": "Q2",
            "sourceDataset": "QNA",
            "updateDate": "2023-09-28T23:00:00.000Z"
        },
        {
            "date": "2008 Q3",
            "value": "-1.06",
            "label": "2008 Q3",
            "year": "2008",
            "month": "",
            "quarter": "Q3",
            "sourceDataset": "QNA",
            "updateDate": "2023-09-28T23:00:00.000Z"
        },
        {
            "date": "2008 Q4",
            "value": "-1.57",
            "label": "2008 Q4",
            "year": "2008",
            "month": "",
            "quarter": "Q4",
            "sourceDataset": "QNA",
            "updateDate": "2023-09-28T23:00:00.000Z"
        },
        {
            "date": "2009 Q1",
            "value": "-0.27",
            "label": "2009 Q1",
            "year": "2009",
            "month": "",
            "quarter": "Q1",
            "sourceDataset": "QNA",
            "updateDate": "2023-09-28T23:00:00.000Z"
        },
        {
            "date": "2009 Q2",
            "value": "-0.08",
            "label": "2009 Q2",
            "year": "2009",
            "month": "",
            "quarter": "Q2",
            "sourceDataset": "QNA",
            "updateDate": "2023-09-28T23:00:00.000Z"
        },
        {
            "date": "2009 Q3",
            "value": "0.29",
            "label": "2009 Q3",
            "year": "2009",
            "month": "",
            "quarter": "Q3",
            "sourceDataset": "QNA",
            "updateDate": "2023-09-28T23:00:00.000Z"
        },
        {
            "date": "2009 Q4",
            "value": "0.49",
            "label": "2009 Q4",
            "year": "2009",
            "month": "",
            "quarter": "Q4",
            "sourceDataset": "QNA",
            "updateDate": "2024-09-29T23:00:00.000Z"
        },
        {
            "date": "2010 Q1",
            "value": "-0.30",
            "label": "2010 Q1",
            "year": "2010",
            "month": "",
            "quarter": "Q1",
            "sourceDataset": "QNA",
            "updateDate": "2023-09-28T23:00:00.000Z"
        },
        {
            "date": "2010 Q2",
            "value": "1.52",
            "label": "2010 Q2",
            "year": "2010",
            "month": "",
            "quarter": "Q2",
            "sourceDataset": "QNA",
            "updateDate": "2024-09-29T23:00:00.000Z"
        },
        {
            "date": "2010 Q3",
            "value": "0.04",
            "label": "2010 Q3",
            "year": "2010",
            "month": "",
            "quarter": "Q3",
            "sourceDataset": "QNA",
            "updateDate": "2024-09-29T23:00:00.000Z"
        },
        {
            "date": "2010 Q4",
            "value": "-0.08",
            "label": "2010 Q4",
            "year": "2010",
            "month": "",
            "quarter": "Q4",
            "sourceDataset": "QNA",
            "updateDate": "2023-09-28T23:00:00.000Z"
        },
        {
            "date": "2011 Q1",
            "value": "-0.52",
            "label": "2011 Q1",
            "year": "2011",
            "month": "",
            "quarter": "Q1",
            "sourceDataset": "QNA",
            "updateDate": "2024-09-29T23:00:00.000Z"
        },
        {
            "date": "2011 Q2",
            "value": "-0.24",
            "label": "2011 Q2",
            "year": "2011",
            "month": "",
            "quarter": "Q2",
            "sourceDataset": "QNA",
            "updateDate": "2024-09-29T23:00:00.000Z"
        },
        {
            "date": "2011 Q3",
            "value": "0.22",
            "label": "2011 Q3",
            "year": "2011",
            "month": "",
            "quarter": "Q3",
            "sourceDataset": "QNA",
            "updateDate": "2024-09-29T23:00:00.000Z"
        },
        {
            "date": "2011 Q4",
            "value": "0.14",
            "label": "2011 Q4",
            "year": "2011",
            "month": "",
            "quarter": "Q4",
            "sourceDataset": "QNA",
            "updateDate": "2023-09-28T23:00:00.000Z"
        },
        {
            "date": "2012 Q1",
            "value": "0.01",
            "label": "2012 Q1",
            "year": "2012",
            "month": "",
            "quarter": "Q1",
            "sourceDataset": "QNA",
            "updateDate": "2024-09-29T23:00:00.000Z"
        },
        {
            "date": "2012 Q2",
            "value": "0.45",
            "label": "2012 Q2",
            "year": "2012",
            "month": "",
            "quarter": "Q2",
            "sourceDataset": "QNA",
            "updateDate": "2023-09-28T23:00:00.000Z"
        },
        {
            "date": "2012 Q3",
            "value": "0.68",
            "label": "2012 Q3",
            "year": "2012",
            "month": "",
            "quarter": "Q3",
            "sourceDataset": "QNA",
            "updateDate": "2024-09-29T23:00:00.000Z"
        },
        {
            "date": "2012 Q4",
            "value": "0.91",
            "label": "2012 Q4",
            "year": "2012",
            "month": "",
            "quarter": "Q4",
            "sourceDataset": "QNA",
            "updateDate": "2024-09-29T23:00:00.000Z"
        },
        {
            "date": "2013 Q1",
            "value": "-0.33",
            "label": "2013 Q1",
            "year": "2013",
            "month": "",
            "quarter": "Q1",
            "sourceDataset": "QNA",
            "updateDate": "2022-09-29T23:00:00.000Z"
        },
        {
            "date": "2013 Q2",
            "value": "0.63",
            "label": "2013 Q2",
            "year": "2013",
            "month": "",
            "quarter": "Q2",
            "sourceDataset": "QNA",
            "updateDate": "2024-09-29T23:00:00.000Z"
        },
        {
            "date": "2013 Q3",
            "value": "0.78",
            "label": "2013 Q3",
            "year": "2013",
            "month": "",
            "quarter": "Q3",
            "sourceDataset": "QNA",
            "updateDate": "2024-09-29T23:00:00.000Z"
        },
        {
            "date": "2013 Q4",
            "value": "0.29",
            "label": "2013 Q4",
            "year": "2013",
            "month": "",
            "quarter": "Q4",
            "sourceDataset": "QNA",
            "updateDate": "2023-09-28T23:00:00.000Z"
        },
        {
            "date": "2014 Q1",
            "value": "0.20",
            "label": "2014 Q1",
            "year": "2014",
            "month": "",
            "quarter": "Q1",
            "sourceDataset": "QNA",
            "updateDate": "2024-09-29T23:00:00.000Z"
        },
        {
            "date": "2014 Q2",
            "value": "0.38",
            "label": "2014 Q2",
            "year": "2014",
            "month": "",
            "quarter": "Q2",
            "sourceDataset": "QNA",
            "updateDate": "2024-09-29T23:00:00.000Z"
        },
        {
            "date": "2014 Q3",
            "value": "1.02",
            "label": "2014 Q3",
            "year": "2014",
            "month": "",
            "quarter": "Q3",
            "sourceDataset": "QNA",
            "updateDate": "2023-09-28T23:00:00.000Z"
        },
        {
            "date": "2014 Q4",
            "value": "0.40",
            "label": "2014 Q4",
            "year": "2014",
            "month": "",
            "quarter": "Q4",
            "sourceDataset": "QNA",
            "updateDate": "2023-09-28T23:00:00.000Z"
        },
        {
            "date": "2015 Q1",
            "value": "0.32",
            "label": "2015 Q1",
            "year": "2015",
            "month": "",
            "quarter": "Q1",
            "sourceDataset": "QNA",
            "updateDate": "2023-09-28T23:00:00.000Z"
        },
        {
            "date": "2015 Q2",
            "value": "0.27",
            "label": "2015 Q2",
            "year": "2015",
            "month": "",
            "quarter": "Q2",
            "sourceDataset": "QNA",
            "updateDate": "2023-09-28T23:00:00.000Z"
        },
        {
            "date": "2015 Q3",
            "value": "0.80",
            "label": "2015 Q3",
            "year": "2015",
            "month": "",
            "quarter": "Q3",
            "sourceDataset": "QNA",
            "updateDate": "2023-09-28T23:00:00.000Z"
        },
        {
            "date": "2015 Q4",
            "value": "-0.16",
            "label": "2015 Q4",
            "year": "2015",
            "month": "",
            "quarter": "Q4",
            "sourceDataset": "QNA",
            "updateDate": "2024-09-29T23:00:00.000Z"
        },
        {
            "date": "2016 Q1",
            "value": "1.33",
            "label": "2016 Q1",
            "year": "2016",
            "month": "",
            "quarter": "Q1",
            "sourceDataset": "QNA",
            "updateDate": "2024-09-29T23:00:00.000Z"
        },
        {
            "date": "2016 Q2",
            "value": "0.55",
            "label": "2016 Q2",
            "year": "2016",
            "month": "",
            "quarter": "Q2",
            "sourceDataset": "QNA",
            "updateDate": "2024-09-29T23:00:00.000Z"
        },
        {
            "date": "2016 Q3",
            "value": "0.55",
            "label": "2016 Q3",
            "year": "2016",
            "month": "",
            "quarter": "Q3",
            "sourceDataset": "QNA",
            "updateDate": "2024-09-29T23:00:00.000Z"
        },
        {
            "date": "2016 Q4",
            "value": "-0.01",
            "label": "2016 Q4",
            "year": "2016",
            "month": "",
            "quarter": "Q4",
            "sourceDataset": "QNA",
            "updateDate": "2024-09-29T23:00:00.000Z"
        },
        {
            "date": "2017 Q1",
            "value": "0.43",
            "label": "2017 Q1",
            "year": "2017",
            "month": "",
            "quarter": "Q1",
            "sourceDataset": "QNA",
            "updateDate": "2024-09-29T23:00:00.000Z"
        },
        {
            "date": "2017 Q2",
            "value": "-0.03",
            "label": "2017 Q2",
            "year": "2017",
            "month": "",
            "quarter": "Q2",
            "sourceDataset": "QNA",
            "updateDate": "2023-09-28T23:00:00.000Z"
        },
        {
            "date": "2017 Q3",
            "value": "0.40",
            "label": "2017 Q3",
            "year": "2017",
            "month": "",
            "quarter": "Q3",
            "sourceDataset": "QNA",
            "updateDate": "2024-09-29T23:00:00.000Z"
        },
        {
            "date": "2017 Q4",
            "value": "0.29",
            "label": "2017 Q4",
            "year": "2017",
            "month": "",
            "quarter": "Q4",
            "sourceDataset": "QNA",
            "updateDate": "2024-09-29T23:00:00.000Z"
        },
        {
            "date": "2018 Q1",
            "value": "0.36",
            "label": "2018 Q1",
            "year": "2018",
            "month": "",
            "quarter": "Q1",
            "sourceDataset": "QNA",
            "updateDate": "2023-09-28T23:00:00.000Z"
        },
        {
            "date": "2018 Q2",
            "value": "-0.17",
            "label": "2018 Q2",
            "year": "2018",
            "month": "",
            "quarter": "Q2",
            "sourceDataset": "QNA",
            "updateDate": "2023-09-28T23:00:00.000Z"
        },
        {
            "date": "2018 Q3",
            "value": "0.44",
            "label": "2018 Q3",
            "year": "2018",
            "month": "",
            "quarter": "Q3",
            "sourceDataset": "QNA",
            "updateDate": "2023-09-28T23:00:00.000Z"
        },
        {
            "date": "2018 Q4",
            "value": "0.63",
            "label": "2018 Q4",
            "year": "2018",
            "month": "",
            "quarter": "Q4",
            "sourceDataset": "QNA",
            "updateDate": "2023-09-28T23:00:00.000Z"
        },
        {
            "date": "2019 Q1",
            "value": "-0.07",
            "label": "2019 Q1",
            "year": "2019",
            "month": "",
            "quarter": "Q1",
            "sourceDataset": "QNA",
            "updateDate": "2023-09-28T23:00:00.000Z"
        },
        {
            "date": "2019 Q2",
            "value": "0.24",
            "label": "2019 Q2",
            "year": "2019",
            "month": "",
            "quarter": "Q2",
            "sourceDataset": "QNA",
            "updateDate": "2024-09-29T23:00:00.000Z"
        },
        {
            "date": "2019 Q3",
            "value": "-0.07",
            "label": "2019 Q3",
            "year": "2019",
            "month": "",
            "quarter": "Q3",
            "sourceDataset": "QNA",
            "updateDate": "2024-09-29T23:00:00.000Z"
        },
        {
            "date": "2019 Q4",
            "value": "-0.14",
            "label": "2019 Q4",
            "year": "2019",
            "month": "",
            "quarter": "Q4",
            "sourceDataset": "QNA",
            "updateDate": "2023-09-28T23:00:00.000Z"
        },
        {
            "date": "2020 Q1",
            "value": "-1.78",
            "label": "2020 Q1",
            "year": "2020",
            "month": "",
            "quarter": "Q1",
            "sourceDataset": "QNA",
            "updateDate": "2024-09-29T23:00:00.000Z"
        },
        {
            "date": "2020 Q2",
            "value": "-14.14",
            "label": "2020 Q2",
            "year": "2020",
            "month": "",
            "quarter": "Q2",
            "sourceDataset": "QNA",
            "updateDate": "2024-09-29T23:00:00.000Z"
        },
        {
            "date": "2020 Q3",
            "value": "11.51",
            "label": "2020 Q3",
            "year": "2020",
            "month": "",
            "quarter": "Q3",
            "sourceDataset": "QNA",
            "updateDate": "2024-09-29T23:00:00.000Z"
        },
        {
            "date": "2020 Q4",
            "value": "-1.17",
            "label": "2020 Q4",
            "year": "2020",
            "month": "",
            "quarter": "Q4",
            "sourceDataset": "QNA",
            "updateDate": "2024-09-29T23:00:00.000Z"
        },
        {
            "date": "2021 Q1",
            "value": "-1.93",
            "label": "2021 Q1",
            "year": "2021",
            "month": "",
            "quarter": "Q1",
            "sourceDataset": "QNA",
            "updateDate": "2024-09-29T23:00:00.000Z"
        },
        {
            "date": "2021 Q2",
            "value": "6.26",
            "label": "2021 Q2",
            "year": "2021",
            "month": "",
            "quarter": "Q2",
            "sourceDataset": "QNA",
            "updateDate": "2024-09-29T23:00:00.000Z"
        },
        {
            "date": "2021 Q3",
            "value": "1.68",
            "label": "2021 Q3",
            "year": "2021",
            "month": "",
            "quarter": "Q3",
            "sourceDataset": "QNA",
            "updateDate": "2024-09-29T23:00:00.000Z"
        },
        {
            "date": "2021 Q4",
            "value": "0.16",
            "label": "2021 Q4",
            "year": "2021",
            "month": "",
            "quarter": "Q4",
            "sourceDataset": "QNA",
            "updateDate": "2023-09-28T23:00:00.000Z"
        },
        {
            "date": "2022 Q1",
            "value": "0.75",
            "label": "2022 Q1",
            "year": "2022",
            "month": "",
            "quarter": "Q1",
            "sourceDataset": "QNA",
            "updateDate": "2024-09-29T23:00:00.000Z"
        },
        {
            "date": "2022 Q2",
            "value": "0.99",
            "label": "2022 Q2",
            "year": "2022",
            "month": "",
            "quarter": "Q2",
            "sourceDataset": "QNA",
            "updateDate": "2024-09-29T23:00:00.000Z"
        },
        {
            "date": "2022 Q3",
            "value": "0.10",
            "label": "2022 Q3",
            "year": "2022",
            "month": "",
            "quarter": "Q3",
            "sourceDataset": "QNA",
            "updateDate": "2024-09-29T23:00:00.000Z"
        },
        {
            "date": "2022 Q4",
            "value": "0.34",
            "label": "2022 Q4",
            "year": "2022",
            "month": "",
            "quarter": "Q4",
            "sourceDataset": "QNA",
            "updateDate": "2024-09-29T23:00:00.000Z"
        },
        {
            "date": "2023 Q1",
            "value": "-0.22",
            "label": "2023 Q1",
            "year": "2023",
            "month": "",
            "quarter": "Q1",
            "sourceDataset": "QNA",
            "updateDate": "2024-09-29T23:00:00.000Z"
        },
        {
            "date": "2023 Q2",
            "value": "0.28",
            "label": "2023 Q2",
            "year": "2023",
            "month": "",
            "quarter": "Q2",
            "sourceDataset": "QNA",
            "updateDate": "2024-09-29T23:00:00.000Z"
        },
        {
            "date": "2023 Q3",
            "value": "-0.43",
            "label": "2023 Q3",
            "year": "2023",
            "month": "",
            "quarter": "Q3",
            "sourceDataset": "QNA",
            "updateDate": "2024-09-29T23:00:00.000Z"
        },
        {
            "date": "2023 Q4",
            "value": "-0.03",
            "label": "2023 Q4",
            "year": "2023",
            "month": "",
            "quarter": "Q4",
            "sourceDataset": "QNA",
            "updateDate": "2024-03-28T00:00:00.000Z"
        },
        {
            "date": "2024 Q1",
            "value": "0.36",
            "label": "2024 Q1",
            "year": "2024",
            "month": "",
            "quarter": "Q1",
            "sourceDataset": "QNA",
            "updateDate": "2024-09-29T23:00:00.000Z"
        },
        {
            "date": "2024 Q2",
            "value": "0.11",
            "label": "2024 Q2",
            "year": "2024",
            "month": "",
            "quarter": "Q2",
            "sourceDataset": "QNA",
            "updateDate": "2024-09-29T23:00:00.000Z"
        }
    ],
    "months": [],
    "sourceDatasets": [],
    "relatedDatasets": [
        {
            "uri": "/economy/grossdomesticproductgdp/datasets/quarterlynationalaccounts"
        }
    ],
    "relatedDocuments": [
        {
            "uri": "/economy/grossdomesticproductgdp/bulletins/quarterlynationalaccounts/latest"
        }
    ],
    "versions": [
        {
            "uri": "/economy/grossdomesticproductgdp/timeseries/zz5m/qna/previous/v1",
            "updateDate": "2016-09-30T08:30:00.000Z",
            "correctionNotice": "",
            "label": "v1"
        },
        {
            "uri": "/economy/grossdomesticproductgdp/timeseries/zz5m/qna/previous/v2",
            "updateDate": "2016-12-23T09:30:00.000Z",
            "correctionNotice": "",
            "label": "v2"
        },
        {
            "uri": "/economy/grossdomesticproductgdp/timeseries/zz5m/qna/previous/v3",
            "updateDate": "2017-03-31T08:30:00.000Z",
            "correctionNotice": "",
            "label": "v3"
        },
        {
            "uri": "/economy/grossdomesticproductgdp/timeseries/zz5m/qna/previous/v4",
            "updateDate": "2017-06-30T08:30:00.000Z",
            "correctionNotice": "",
            "label": "v4"
        },
        {
            "uri": "/economy/grossdomesticproductgdp/timeseries/zz5m/qna/previous/v5",
            "updateDate": "2017-09-29T08:30:00.000Z",
            "correctionNotice": "",
            "label": "v5"
        },
        {
            "uri": "/economy/grossdomesticproductgdp/timeseries/zz5m/qna/previous/v6",
            "updateDate": "2017-12-22T09:30:00.000Z",
            "correctionNotice": "",
            "label": "v6"
        },
        {
            "uri": "/economy/grossdomesticproductgdp/timeseries/zz5m/qna/previous/v7",
            "updateDate": "2018-03-29T08:30:00.000Z",
            "correctionNotice": "",
            "label": "v7"
        },
        {
            "uri": "/economy/grossdomesticproductgdp/timeseries/zz5m/qna/previous/v8",
            "updateDate": "2018-06-29T08:30:00.000Z",
            "correctionNotice": "",
            "label": "v8"
        },
        {
            "uri": "/economy/grossdomesticproductgdp/timeseries/zz5m/qna/previous/v9",
            "updateDate": "2018-09-28T08:30:00.000Z",
            "correctionNotice": "",
            "label": "v9"
        },
        {
            "uri": "/economy/grossdomesticproductgdp/timeseries/zz5m/qna/previous/v10",
            "updateDate": "2018-12-21T08:21:11.145Z",
            "correctionNotice": "",
            "label": "v10"
        },
        {
            "uri": "/economy/grossdomesticproductgdp/timeseries/zz5m/qna/previous/v11",
            "updateDate": "2019-03-29T07:43:14.764Z",
            "correctionNotice": "",
            "label": "v11"
        },
        {
            "uri": "/economy/grossdomesticproductgdp/timeseries/zz5m/qna/previous/v12",
            "updateDate": "2019-06-28T08:30:00.000Z",
            "correctionNotice": "",
            "label": "v12"
        },
        {
            "uri": "/economy/grossdomesticproductgdp/timeseries/zz5m/qna/previous/v13",
            "updateDate": "2019-09-30T08:30:00.000Z",
            "correctionNotice": "",
            "label": "v13"
        },
        {
            "uri": "/economy/grossdomesticproductgdp/timeseries/zz5m/qna/previous/v14",
            "updateDate": "2019-12-20T07:41:13.134Z",
            "correctionNotice": "",
            "label": "v14"
        },
        {
            "uri": "/economy/grossdomesticproductgdp/timeseries/zz5m/qna/previous/v15",
            "updateDate": "2020-03-31T06:00:00.000Z",
            "correctionNotice": "",
            "label": "v15"
        },
        {
            "uri": "/economy/grossdomesticproductgdp/timeseries/zz5m/qna/previous/v16",
            "updateDate": "2020-06-30T06:00:00.000Z",
            "correctionNotice": "",
            "label": "v16"
        },
        {
            "uri": "/economy/grossdomesticproductgdp/timeseries/zz5m/qna/previous/v17",
            "updateDate": "2020-09-30T06:00:00.000Z",
            "correctionNotice": "",
            "label": "v17"
        },
        {
            "uri": "/economy/grossdomesticproductgdp/timeseries/zz5m/qna/previous/v18",
            "updateDate": "2020-12-22T06:10:27.714Z",
            "correctionNotice": "",
            "label": "v18"
        },
        {
            "uri": "/economy/grossdomesticproductgdp/timeseries/zz5m/qna/previous/v19",
            "updateDate": "2021-03-31T06:00:00.000Z",
            "correctionNotice": "",
            "label": "v19"
        },
        {
            "uri": "/economy/grossdomesticproductgdp/timeseries/zz5m/qna/previous/v20",
            "updateDate": "2021-06-30T05:16:34.264Z",
            "correctionNotice": "",
            "label": "v20"
        },
        {
            "uri": "/economy/grossdomesticproductgdp/timeseries/zz5m/qna/previous/v21",
            "updateDate": "2021-09-30T05:08:11.398Z",
            "correctionNotice": "",
            "label": "v21"
        },
        {
            "uri": "/economy/grossdomesticproductgdp/timeseries/zz5m/qna/previous/v22",
            "updateDate": "2021-12-22T07:00:00.000Z",
            "correctionNotice": "",
            "label": "v22"
        },
        {
            "uri": "/economy/grossdomesticproductgdp/timeseries/zz5m/qna/previous/v23",
            "updateDate": "2022-03-31T06:00:00.000Z",
            "correctionNotice": "",
            "label": "v23"
        },
        {
            "uri": "/economy/grossdomesticproductgdp/timeseries/zz5m/qna/previous/v24",
            "updateDate": "2022-06-30T06:00:00.000Z",
            "correctionNotice": "",
            "label": "v24"
        },
        {
            "uri": "/economy/grossdomesticproductgdp/timeseries/zz5m/qna/previous/v25",
            "updateDate": "2022-09-30T06:00:00.000Z",
            "correctionNotice": "",
            "label": "v25"
        },
        {
            "uri": "/economy/grossdomesticproductgdp/timeseries/zz5m/qna/previous/v26",
            "updateDate": "2022-12-22T07:00:00.000Z",
            "correctionNotice": "",
            "label": "v26"
        },
        {
            "uri": "/economy/grossdomesticproductgdp/timeseries/zz5m/qna/previous/v27",
            "updateDate": "2023-03-31T06:00:00.000Z",
            "correctionNotice": "",
            "label": "v27"
        },
        {
            "uri": "/economy/grossdomesticproductgdp/timeseries/zz5m/qna/previous/v28",
            "updateDate": "2023-06-30T06:00:00.000Z",
            "correctionNotice": "",
            "label": "v28"
        },
        {
            "uri": "/economy/grossdomesticproductgdp/timeseries/zz5m/qna/previous/v29",
            "updateDate": "2023-09-29T06:00:00.000Z",
            "correctionNotice": "",
            "label": "v29"
        },
        {
            "uri": "/economy/grossdomesticproductgdp/timeseries/zz5m/qna/previous/v30",
            "updateDate": "2023-12-22T07:00:00.000Z",
            "correctionNotice": "",
            "label": "v30"
        },
        {
            "uri": "/economy/grossdomesticproductgdp/timeseries/zz5m/qna/previous/v31",
            "updateDate": "2024-03-28T07:00:00.000Z",
            "correctionNotice": "",
            "label": "v31"
        },
        {
            "uri": "/economy/grossdomesticproductgdp/timeseries/zz5m/qna/previous/v32",
            "updateDate": "2024-06-28T06:00:00.000Z",
            "correctionNotice": "",
            "label": "v32"
        },
        {
            "uri": "/economy/grossdomesticproductgdp/timeseries/zz5m/qna/previous/v33",
            "updateDate": "2024-09-30T06:00:00.000Z",
            "correctionNotice": "",
            "label": "v33"
        }
    ],
    "type": "timeseries",
    "uri": "/economy/grossdomesticproductgdp/timeseries/zz5m/qna",
    "description": {
        "title": "Household final consumption expenditure, cont Q on Q",
        "contact": {
            "email": "gdp@ons.gov.uk",
            "name": "Gross Domestic Product team",
            "telephone": "+44 1633 455284"
        },
        "releaseDate": "2024-09-29T23:00:00.000Z",
        "nextRelease": "15 November 2024",
        "datasetId": "QNA",
        "datasetUri": "/economy/grossdomesticproductgdp/datasets/quarterlynationalaccounts",
        "cdid": "ZZ5M",
        "unit": "",
        "preUnit": "",
        "source": "",
        "date": "2024 Q2",
        "number": "0.11",
        "sampleSize": "0"
    }
}