{
    "years": [
        {
            "date": "1986",
            "value": "10.0",
            "label": "1986",
            "year": "1986",
            "month": "",
            "quarter": "",
            "sourceDataset": "QNA",
            "updateDate": "2022-09-29T23:00:00.000Z"
        },
        {
            "date": "1987",
            "value": "10.5",
            "label": "1987",
            "year": "1987",
            "month": "",
            "quarter": "",
            "sourceDataset": "QNA",
            "updateDate": "2022-09-29T23:00:00.000Z"
        },
        {
            "date": "1988",
            "value": "12.3",
            "label": "1988",
            "year": "1988",
            "month": "",
            "quarter": "",
            "sourceDataset": "QNA",
            "updateDate": "2023-09-28T23:00:00.000Z"
        },
        {
            "date": "1989",
            "value": "20.7",
            "label": "1989",
            "year": "1989",
            "month": "",
            "quarter": "",
            "sourceDataset": "QNA",
            "updateDate": "2019-09-29T23:00:00.000Z"
        },
        {
            "date": "1990",
            "value": "23.4",
            "label": "1990",
            "year": "1990",
            "month": "",
            "quarter": "",
            "sourceDataset": "QNA",
            "updateDate": "2022-09-29T23:00:00.000Z"
        },
        {
            "date": "1991",
            "value": "25.2",
            "label": "1991",
            "year": "1991",
            "month": "",
            "quarter": "",
            "sourceDataset": "QNA",
            "updateDate": "2019-09-29T23:00:00.000Z"
        },
        {
            "date": "1992",
            "value": "19.4",
            "label": "1992",
            "year": "1992",
            "month": "",
            "quarter": "",
            "sourceDataset": "QNA",
            "updateDate": "2023-09-28T23:00:00.000Z"
        },
        {
            "date": "1993",
            "value": "9.0",
            "label": "1993",
            "year": "1993",
            "month": "",
            "quarter": "",
            "sourceDataset": "QNA",
            "updateDate": "2019-09-29T23:00:00.000Z"
        },
        {
            "date": "1994",
            "value": "6.5",
            "label": "1994",
            "year": "1994",
            "month": "",
            "quarter": "",
            "sourceDataset": "QNA",
            "updateDate": "2019-09-29T23:00:00.000Z"
        },
        {
            "date": "1995",
            "value": "13.5",
            "label": "1995",
            "year": "1995",
            "month": "",
            "quarter": "",
            "sourceDataset": "QNA",
            "updateDate": "2023-09-28T23:00:00.000Z"
        },
        {
            "date": "1996",
            "value": "6.6",
            "label": "1996",
            "year": "1996",
            "month": "",
            "quarter": "",
            "sourceDataset": "QNA",
            "updateDate": "2022-09-29T23:00:00.000Z"
        },
        {
            "date": "1997",
            "value": "6.2",
            "label": "1997",
            "year": "1997",
            "month": "",
            "quarter": "",
            "sourceDataset": "QNA",
            "updateDate": "2020-09-29T23:00:00.000Z"
        },
        {
            "date": "1998",
            "value": "8.0",
            "label": "1998",
            "year": "1998",
            "month": "",
            "quarter": "",
            "sourceDataset": "QNA",
            "updateDate": "2023-09-28T23:00:00.000Z"
        },
        {
            "date": "1999",
            "value": "4.9",
            "label": "1999",
            "year": "1999",
            "month": "",
            "quarter": "",
            "sourceDataset": "QNA",
            "updateDate": "2023-09-28T23:00:00.000Z"
        },
        {
            "date": "2000",
            "value": "3.7",
            "label": "2000",
            "year": "2000",
            "month": "",
            "quarter": "",
            "sourceDataset": "QNA",
            "updateDate": "2023-09-28T23:00:00.000Z"
        },
        {
            "date": "2001",
            "value": "12.3",
            "label": "2001",
            "year": "2001",
            "month": "",
            "quarter": "",
            "sourceDataset": "QNA",
            "updateDate": "2023-09-28T23:00:00.000Z"
        },
        {
            "date": "2002",
            "value": "4.0",
            "label": "2002",
            "year": "2002",
            "month": "",
            "quarter": "",
            "sourceDataset": "QNA",
            "updateDate": "2023-09-28T23:00:00.000Z"
        },
        {
            "date": "2003",
            "value": "3.6",
            "label": "2003",
            "year": "2003",
            "month": "",
            "quarter": "",
            "sourceDataset": "QNA",
            "updateDate": "2023-09-28T23:00:00.000Z"
        },
        {
            "date": "2004",
            "value": "7.5",
            "label": "2004",
            "year": "2004",
            "month": "",
            "quarter": "",
            "sourceDataset": "QNA",
            "updateDate": "2023-09-28T23:00:00.000Z"
        },
        {
            "date": "2005",
            "value": "5.0",
            "label": "2005",
            "year": "2005",
            "month": "",
            "quarter": "",
            "sourceDataset": "QNA",
            "updateDate": "2023-09-28T23:00:00.000Z"
        },
        {
            "date": "2006",
            "value": "9.6",
            "label": "2006",
            "year": "2006",
            "month": "",
            "quarter": "",
            "sourceDataset": "QNA",
            "updateDate": "2023-09-28T23:00:00.000Z"
        },
        {
            "date": "2007",
            "value": "15.5",
            "label": "2007",
            "year": "2007",
            "month": "",
            "quarter": "",
            "sourceDataset": "QNA",
            "updateDate": "2023-09-28T23:00:00.000Z"
        },
        {
            "date": "2008",
            "value": "6.9",
            "label": "2008",
            "year": "2008",
            "month": "",
            "quarter": "",
            "sourceDataset": "QNA",
            "updateDate": "2023-09-28T23:00:00.000Z"
        },
        {
            "date": "2009",
            "value": "10.9",
            "label": "2009",
            "year": "2009",
            "month": "",
            "quarter": "",
            "sourceDataset": "QNA",
            "updateDate": "2023-09-28T23:00:00.000Z"
        },
        {
            "date": "2010",
            "value": "6.6",
            "label": "2010",
            "year": "2010",
            "month": "",
            "quarter": "",
            "sourceDataset": "QNA",
            "updateDate": "2023-09-28T23:00:00.000Z"
        },
        {
            "date": "2011",
            "value": "6.4",
            "label": "2011",
            "year": "2011",
            "month": "",
            "quarter": "",
            "sourceDataset": "QNA",
            "updateDate": "2023-09-28T23:00:00.000Z"
        },
        {
            "date": "2012",
            "value": "9.1",
            "label": "2012",
            "year": "2012",
            "month": "",
            "quarter": "",
            "sourceDataset": "QNA",
            "updateDate": "2023-09-28T23:00:00.000Z"
        },
        {
            "date": "2013",
            "value": "12.4",
            "label": "2013",
            "year": "2013",
            "month": "",
            "quarter": "",
            "sourceDataset": "QNA",
            "updateDate": "2023-09-28T23:00:00.000Z"
        },
        {
            "date": "2014",
            "value": "13.3",
            "label": "2014",
            "year": "2014",
            "month": "",
            "quarter": "",
            "sourceDataset": "QNA",
            "updateDate": "2023-09-28T23:00:00.000Z"
        },
        {
            "date": "2015",
            "value": "11.5",
            "label": "2015",
            "year": "2015",
            "month": "",
            "quarter": "",
            "sourceDataset": "QNA",
            "updateDate": "2023-09-28T23:00:00.000Z"
        },
        {
            "date": "2016",
            "value": "7.9",
            "label": "2016",
            "year": "2016",
            "month": "",
            "quarter": "",
            "sourceDataset": "QNA",
            "updateDate": "2023-09-28T23:00:00.000Z"
        },
        {
            "date": "2017",
            "value": "4.8",
            "label": "2017",
            "year": "2017",
            "month": "",
            "quarter": "",
            "sourceDataset": "QNA",
            "updateDate": "2023-09-28T23:00:00.000Z"
        },
        {
            "date": "2018",
            "value": "5.0",
            "label": "2018",
            "year": "2018",
            "month": "",
            "quarter": "",
            "sourceDataset": "QNA",
            "updateDate": "2023-09-28T23:00:00.000Z"
        },
        {
            "date": "2019",
            "value": "2.5",
            "label": "2019",
            "year": "2019",
            "month": "",
            "quarter": "",
            "sourceDataset": "QNA",
            "updateDate": "2023-09-28T23:00:00.000Z"
        },
        {
            "date": "2020",
            "value": "2.6",
            "label": "2020",
            "year": "2020",
            "month": "",
            "quarter": "",
            "sourceDataset": "QNA",
            "updateDate": "2024-09-29T23:00:00.000Z"
        },
        {
            "date": "2021",
            "value": "8.1",
            "label": "2021",
            "year": "2021",
            "month": "",
            "quarter": "",
            "sourceDataset": "QNA",
            "updateDate": "2024-09-29T23:00:00.000Z"
        },
        {
            "date": "2022",
            "value": "9.4",
            "label": "2022",
            "year": "2022",
            "month": "",
            "quarter": "",
            "sourceDataset": "QNA",
            "updateDate": "2024-09-29T23:00:00.000Z"
        },
        {
            "date": "2023",
            "value": "7.7",
            "label": "2023",
            "year": "2023",
            "month": "",
            "quarter": "",
            "sourceDataset": "QNA",
            "updateDate": "2024-09-29T23:00:00.000Z"
        }
    ],
    "quarters": [],
    "months": [],
    "sourceDatasets": [],
    "relatedDatasets": [
        {
            "uri": "/economy/grossdomesticproductgdp/datasets/quarterlynationalaccounts"
        }
    ],
    "relatedDocuments": [
        {
            "uri": "/economy/grossdomesticproductgdp/bulletins/quarterlynationalaccounts/latest"
        }
    ],
    "versions": [
        {
            "uri": "/economy/grossdomesticproductgdp/timeseries/kgb2/qna/previous/v1",
            "updateDate": "2015-09-29T23:00:00.000Z",
            "correctionNotice": "",
            "label": "v1"
        },
        {
            "uri": "/economy/grossdomesticproductgdp/timeseries/kgb2/qna/previous/v2",
            "updateDate": "2016-03-31T08:30:00.000Z",
            "correctionNotice": "",
            "label": "v2"
        },
        {
            "uri": "/economy/grossdomesticproductgdp/timeseries/kgb2/qna/previous/v3",
            "updateDate": "2016-06-30T08:30:00.000Z",
            "correctionNotice": "",
            "label": "v3"
        },
        {
            "uri": "/economy/grossdomesticproductgdp/timeseries/kgb2/qna/previous/v4",
            "updateDate": "2017-03-31T08:30:00.000Z",
            "correctionNotice": "",
            "label": "v4"
        },
        {
            "uri": "/economy/grossdomesticproductgdp/timeseries/kgb2/qna/previous/v5",
            "updateDate": "2017-09-29T08:30:00.000Z",
            "correctionNotice": "",
            "label": "v5"
        },
        {
            "uri": "/economy/grossdomesticproductgdp/timeseries/kgb2/qna/previous/v6",
            "updateDate": "2018-03-29T08:30:00.000Z",
            "correctionNotice": "",
            "label": "v6"
        },
        {
            "uri": "/economy/grossdomesticproductgdp/timeseries/kgb2/qna/previous/v7",
            "updateDate": "2018-06-29T08:30:00.000Z",
            "correctionNotice": "",
            "label": "v7"
        },
        {
            "uri": "/economy/grossdomesticproductgdp/timeseries/kgb2/qna/previous/v8",
            "updateDate": "2018-09-28T08:30:00.000Z",
            "correctionNotice": "",
            "label": "v8"
        },
        {
            "uri": "/economy/grossdomesticproductgdp/timeseries/kgb2/qna/previous/v9",
            "updateDate": "2019-03-29T07:43:14.764Z",
            "correctionNotice": "",
            "label": "v9"
        },
        {
            "uri": "/economy/grossdomesticproductgdp/timeseries/kgb2/qna/previous/v10",
            "updateDate": "2019-09-30T08:30:00.000Z",
            "correctionNotice": "",
            "label": "v10"
        },
        {
            "uri": "/economy/grossdomesticproductgdp/timeseries/kgb2/qna/previous/v11",
            "updateDate": "2020-03-31T06:00:00.000Z",
            "correctionNotice": "",
            "label": "v11"
        },
        {
            "uri": "/economy/grossdomesticproductgdp/timeseries/kgb2/qna/previous/v12",
            "updateDate": "2020-09-30T06:00:00.000Z",
            "correctionNotice": "",
            "label": "v12"
        },
        {
            "uri": "/economy/grossdomesticproductgdp/timeseries/kgb2/qna/previous/v13",
            "updateDate": "2021-03-31T06:00:00.000Z",
            "correctionNotice": "",
            "label": "v13"
        },
        {
            "uri": "/economy/grossdomesticproductgdp/timeseries/kgb2/qna/previous/v14",
            "updateDate": "2021-09-30T05:08:11.398Z",
            "correctionNotice": "",
            "label": "v14"
        },
        {
            "uri": "/economy/grossdomesticproductgdp/timeseries/kgb2/qna/previous/v15",
            "updateDate": "2022-03-31T06:00:00.000Z",
            "correctionNotice": "",
            "label": "v15"
        },
        {
            "uri": "/economy/grossdomesticproductgdp/timeseries/kgb2/qna/previous/v16",
            "updateDate": "2022-09-30T06:00:00.000Z",
            "correctionNotice": "",
            "label": "v16"
        },
        {
            "uri": "/economy/grossdomesticproductgdp/timeseries/kgb2/qna/previous/v17",
            "updateDate": "2023-03-31T06:00:00.000Z",
            "correctionNotice": "",
            "label": "v17"
        },
        {
            "uri": "/economy/grossdomesticproductgdp/timeseries/kgb2/qna/previous/v18",
            "updateDate": "2023-09-29T06:00:00.000Z",
            "correctionNotice": "",
            "label": "v18"
        },
        {
            "uri": "/economy/grossdomesticproductgdp/timeseries/kgb2/qna/previous/v19",
            "updateDate": "2024-03-28T07:00:00.000Z",
            "correctionNotice": "",
            "label": "v19"
        },
        {
            "uri": "/economy/grossdomesticproductgdp/timeseries/kgb2/qna/previous/v20",
            "updateDate": "2024-09-30T06:00:00.000Z",
            "correctionNotice": "",
            "label": "v20"
        }
    ],
    "type": "timeseries",
    "uri": "/economy/grossdomesticproductgdp/timeseries/kgb2/qna",
    "description": {
        "title": "Household Final Consumption Expenditure: Education: Annual growth rate %: Current Price: Seasonally Adjusted",
        "contact": {
            "email": "gdp@ons.gov.uk",
            "name": "Gross Domestic Product team",
            "telephone": "+44 1633 455284"
        },
        "releaseDate": "2024-09-29T23:00:00.000Z",
        "nextRelease": "15 November 2024",
        "datasetId": "QNA",
        "datasetUri": "/economy/grossdomesticproductgdp/datasets/quarterlynationalaccounts",
        "cdid": "KGB2",
        "unit": "%",
        "preUnit": "",
        "source": "",
        "date": "2023",
        "number": "7.7",
        "sampleSize": "0"
    }
}