{
    "years": [
        {
            "date": "1997",
            "value": "4.9",
            "label": "1997",
            "year": "1997",
            "month": "",
            "quarter": "",
            "sourceDataset": "QNA",
            "updateDate": "2023-12-22T00:00:00.000Z"
        },
        {
            "date": "1998",
            "value": "4.2",
            "label": "1998",
            "year": "1998",
            "month": "",
            "quarter": "",
            "sourceDataset": "QNA",
            "updateDate": "2020-12-22T00:00:00.000Z"
        },
        {
            "date": "1999",
            "value": "4.3",
            "label": "1999",
            "year": "1999",
            "month": "",
            "quarter": "",
            "sourceDataset": "QNA",
            "updateDate": "2023-12-22T00:00:00.000Z"
        },
        {
            "date": "2000",
            "value": "4.7",
            "label": "2000",
            "year": "2000",
            "month": "",
            "quarter": "",
            "sourceDataset": "QNA",
            "updateDate": "2022-12-22T00:00:00.000Z"
        },
        {
            "date": "2001",
            "value": "3.2",
            "label": "2001",
            "year": "2001",
            "month": "",
            "quarter": "",
            "sourceDataset": "QNA",
            "updateDate": "2023-12-22T00:00:00.000Z"
        },
        {
            "date": "2002",
            "value": "2.6",
            "label": "2002",
            "year": "2002",
            "month": "",
            "quarter": "",
            "sourceDataset": "QNA",
            "updateDate": "2023-12-22T00:00:00.000Z"
        },
        {
            "date": "2003",
            "value": "3.3",
            "label": "2003",
            "year": "2003",
            "month": "",
            "quarter": "",
            "sourceDataset": "QNA",
            "updateDate": "2023-12-22T00:00:00.000Z"
        },
        {
            "date": "2004",
            "value": "2.8",
            "label": "2004",
            "year": "2004",
            "month": "",
            "quarter": "",
            "sourceDataset": "QNA",
            "updateDate": "2023-12-22T00:00:00.000Z"
        },
        {
            "date": "2005",
            "value": "2.8",
            "label": "2005",
            "year": "2005",
            "month": "",
            "quarter": "",
            "sourceDataset": "QNA",
            "updateDate": "2022-12-22T00:00:00.000Z"
        },
        {
            "date": "2006",
            "value": "0.8",
            "label": "2006",
            "year": "2006",
            "month": "",
            "quarter": "",
            "sourceDataset": "QNA",
            "updateDate": "2022-12-22T00:00:00.000Z"
        },
        {
            "date": "2007",
            "value": "3.4",
            "label": "2007",
            "year": "2007",
            "month": "",
            "quarter": "",
            "sourceDataset": "QNA",
            "updateDate": "2023-12-22T00:00:00.000Z"
        },
        {
            "date": "2008",
            "value": "-0.8",
            "label": "2008",
            "year": "2008",
            "month": "",
            "quarter": "",
            "sourceDataset": "QNA",
            "updateDate": "2022-12-22T00:00:00.000Z"
        },
        {
            "date": "2009",
            "value": "-3.2",
            "label": "2009",
            "year": "2009",
            "month": "",
            "quarter": "",
            "sourceDataset": "QNA",
            "updateDate": "2023-12-22T00:00:00.000Z"
        },
        {
            "date": "2010",
            "value": "2.2",
            "label": "2010",
            "year": "2010",
            "month": "",
            "quarter": "",
            "sourceDataset": "QNA",
            "updateDate": "2023-12-22T00:00:00.000Z"
        },
        {
            "date": "2011",
            "value": "-0.4",
            "label": "2011",
            "year": "2011",
            "month": "",
            "quarter": "",
            "sourceDataset": "QNA",
            "updateDate": "2022-12-22T00:00:00.000Z"
        },
        {
            "date": "2012",
            "value": "1.8",
            "label": "2012",
            "year": "2012",
            "month": "",
            "quarter": "",
            "sourceDataset": "QNA",
            "updateDate": "2023-12-22T00:00:00.000Z"
        },
        {
            "date": "2013",
            "value": "2.8",
            "label": "2013",
            "year": "2013",
            "month": "",
            "quarter": "",
            "sourceDataset": "QNA",
            "updateDate": "2023-12-22T00:00:00.000Z"
        },
        {
            "date": "2014",
            "value": "3.0",
            "label": "2014",
            "year": "2014",
            "month": "",
            "quarter": "",
            "sourceDataset": "QNA",
            "updateDate": "2023-12-22T00:00:00.000Z"
        },
        {
            "date": "2015",
            "value": "2.9",
            "label": "2015",
            "year": "2015",
            "month": "",
            "quarter": "",
            "sourceDataset": "QNA",
            "updateDate": "2023-12-22T00:00:00.000Z"
        },
        {
            "date": "2016",
            "value": "3.8",
            "label": "2016",
            "year": "2016",
            "month": "",
            "quarter": "",
            "sourceDataset": "QNA",
            "updateDate": "2022-12-22T00:00:00.000Z"
        },
        {
            "date": "2017",
            "value": "1.7",
            "label": "2017",
            "year": "2017",
            "month": "",
            "quarter": "",
            "sourceDataset": "QNA",
            "updateDate": "2023-12-22T00:00:00.000Z"
        },
        {
            "date": "2018",
            "value": "1.7",
            "label": "2018",
            "year": "2018",
            "month": "",
            "quarter": "",
            "sourceDataset": "QNA",
            "updateDate": "2023-12-22T00:00:00.000Z"
        },
        {
            "date": "2019",
            "value": "1.1",
            "label": "2019",
            "year": "2019",
            "month": "",
            "quarter": "",
            "sourceDataset": "QNA",
            "updateDate": "2023-12-22T00:00:00.000Z"
        },
        {
            "date": "2020",
            "value": "-13.0",
            "label": "2020",
            "year": "2020",
            "month": "",
            "quarter": "",
            "sourceDataset": "QNA",
            "updateDate": "2023-12-22T00:00:00.000Z"
        },
        {
            "date": "2021",
            "value": "7.5",
            "label": "2021",
            "year": "2021",
            "month": "",
            "quarter": "",
            "sourceDataset": "QNA",
            "updateDate": "2023-12-22T00:00:00.000Z"
        },
        {
            "date": "2022",
            "value": "4.8",
            "label": "2022",
            "year": "2022",
            "month": "",
            "quarter": "",
            "sourceDataset": "QNA",
            "updateDate": "2024-03-28T00:00:00.000Z"
        },
        {
            "date": "2023",
            "value": "0.2",
            "label": "2023",
            "year": "2023",
            "month": "",
            "quarter": "",
            "sourceDataset": "QNA",
            "updateDate": "2024-06-27T23:00:00.000Z"
        }
    ],
    "quarters": [],
    "months": [],
    "sourceDatasets": [],
    "relatedDatasets": [
        {
            "uri": "/economy/grossdomesticproductgdp/datasets/quarterlynationalaccounts"
        }
    ],
    "section": {},
    "relatedDocuments": [
        {
            "uri": "/economy/grossdomesticproductgdp/bulletins/quarterlynationalaccounts/latest"
        }
    ],
    "versions": [
        {
            "uri": "/economy/grossdomesticproductgdp/timeseries/a275/qna/previous/v1",
            "updateDate": "2016-09-30T08:30:00.000Z",
            "correctionNotice": "",
            "label": "v1"
        },
        {
            "uri": "/economy/grossdomesticproductgdp/timeseries/a275/qna/previous/v2",
            "updateDate": "2017-03-31T08:30:00.000Z",
            "correctionNotice": "",
            "label": "v2"
        },
        {
            "uri": "/economy/grossdomesticproductgdp/timeseries/a275/qna/previous/v3",
            "updateDate": "2017-06-30T08:30:00.000Z",
            "correctionNotice": "",
            "label": "v3"
        },
        {
            "uri": "/economy/grossdomesticproductgdp/timeseries/a275/qna/previous/v4",
            "updateDate": "2017-09-29T08:30:00.000Z",
            "correctionNotice": "",
            "label": "v4"
        },
        {
            "uri": "/economy/grossdomesticproductgdp/timeseries/a275/qna/previous/v5",
            "updateDate": "2017-12-22T09:30:00.000Z",
            "correctionNotice": "",
            "label": "v5"
        },
        {
            "uri": "/economy/grossdomesticproductgdp/timeseries/a275/qna/previous/v6",
            "updateDate": "2018-03-29T08:30:00.000Z",
            "correctionNotice": "",
            "label": "v6"
        },
        {
            "uri": "/economy/grossdomesticproductgdp/timeseries/a275/qna/previous/v7",
            "updateDate": "2018-06-29T08:30:00.000Z",
            "correctionNotice": "",
            "label": "v7"
        },
        {
            "uri": "/economy/grossdomesticproductgdp/timeseries/a275/qna/previous/v8",
            "updateDate": "2018-09-28T08:30:00.000Z",
            "correctionNotice": "",
            "label": "v8"
        },
        {
            "uri": "/economy/grossdomesticproductgdp/timeseries/a275/qna/previous/v9",
            "updateDate": "2019-03-29T07:43:14.764Z",
            "correctionNotice": "",
            "label": "v9"
        },
        {
            "uri": "/economy/grossdomesticproductgdp/timeseries/a275/qna/previous/v10",
            "updateDate": "2019-06-28T08:30:00.000Z",
            "correctionNotice": "",
            "label": "v10"
        },
        {
            "uri": "/economy/grossdomesticproductgdp/timeseries/a275/qna/previous/v11",
            "updateDate": "2019-12-20T07:41:13.134Z",
            "correctionNotice": "",
            "label": "v11"
        },
        {
            "uri": "/economy/grossdomesticproductgdp/timeseries/a275/qna/previous/v12",
            "updateDate": "2020-03-31T06:00:00.000Z",
            "correctionNotice": "",
            "label": "v12"
        },
        {
            "uri": "/economy/grossdomesticproductgdp/timeseries/a275/qna/previous/v13",
            "updateDate": "2020-06-30T06:00:00.000Z",
            "correctionNotice": "",
            "label": "v13"
        },
        {
            "uri": "/economy/grossdomesticproductgdp/timeseries/a275/qna/previous/v14",
            "updateDate": "2020-09-30T06:00:00.000Z",
            "correctionNotice": "",
            "label": "v14"
        },
        {
            "uri": "/economy/grossdomesticproductgdp/timeseries/a275/qna/previous/v15",
            "updateDate": "2020-12-22T06:10:27.714Z",
            "correctionNotice": "",
            "label": "v15"
        },
        {
            "uri": "/economy/grossdomesticproductgdp/timeseries/a275/qna/previous/v16",
            "updateDate": "2021-03-31T06:00:00.000Z",
            "correctionNotice": "",
            "label": "v16"
        },
        {
            "uri": "/economy/grossdomesticproductgdp/timeseries/a275/qna/previous/v17",
            "updateDate": "2021-06-30T05:16:34.264Z",
            "correctionNotice": "",
            "label": "v17"
        },
        {
            "uri": "/economy/grossdomesticproductgdp/timeseries/a275/qna/previous/v18",
            "updateDate": "2021-12-22T07:00:00.000Z",
            "correctionNotice": "",
            "label": "v18"
        },
        {
            "uri": "/economy/grossdomesticproductgdp/timeseries/a275/qna/previous/v19",
            "updateDate": "2022-03-31T06:00:00.000Z",
            "correctionNotice": "",
            "label": "v19"
        },
        {
            "uri": "/economy/grossdomesticproductgdp/timeseries/a275/qna/previous/v20",
            "updateDate": "2022-06-30T06:00:00.000Z",
            "correctionNotice": "",
            "label": "v20"
        },
        {
            "uri": "/economy/grossdomesticproductgdp/timeseries/a275/qna/previous/v21",
            "updateDate": "2022-12-22T07:00:00.000Z",
            "correctionNotice": "",
            "label": "v21"
        },
        {
            "uri": "/economy/grossdomesticproductgdp/timeseries/a275/qna/previous/v22",
            "updateDate": "2023-03-31T06:00:00.000Z",
            "correctionNotice": "",
            "label": "v22"
        },
        {
            "uri": "/economy/grossdomesticproductgdp/timeseries/a275/qna/previous/v23",
            "updateDate": "2023-12-22T07:00:00.000Z",
            "correctionNotice": "",
            "label": "v23"
        },
        {
            "uri": "/economy/grossdomesticproductgdp/timeseries/a275/qna/previous/v24",
            "updateDate": "2024-03-28T07:00:00.000Z",
            "correctionNotice": "",
            "label": "v24"
        },
        {
            "uri": "/economy/grossdomesticproductgdp/timeseries/a275/qna/previous/v25",
            "updateDate": "2024-06-28T06:00:00.000Z",
            "correctionNotice": "",
            "label": "v25"
        }
    ],
    "type": "timeseries",
    "uri": "/economy/grossdomesticproductgdp/timeseries/a275/qna",
    "description": {
        "title": "PP: Household final consumption expenditure, growth annual",
        "contact": {
            "email": "gdp@ons.gov.uk",
            "name": "Gross Domestic Product team",
            "telephone": "+44 1633 455284"
        },
        "releaseDate": "2024-09-29T23:00:00.000Z",
        "nextRelease": "15 November 2024",
        "datasetId": "QNA",
        "datasetUri": "/economy/grossdomesticproductgdp/datasets/quarterlynationalaccounts",
        "cdid": "A275",
        "unit": "%",
        "preUnit": "",
        "source": "",
        "date": "2023",
        "number": "0.2",
        "sampleSize": "0"
    }
}